"theoretical.mz","LogRT","KEGG.id","adduct"
581.456678754935,5.44877497752393,"C14631","2M+H"
986.257938227757,7.41312102816542,"C16242","M+Na"
238.144464418012,5.64841761833333,"C09445","M+H"
481.172068079904,6.14861828897453,"C09959","M+H"
325.104529533001,5.89618887725829,"C10507","M+Na"
1101.30586135412,7.29457840757592,"C06432","M+Na"
62.043998207727,6.14963447377921,"C11348","M+2H"
171.138083505615,5.85060945170457,"C09790","M+H"
161.084258783148,5.39940856531037,"C14307","M+2H"
751.275662536177,6.099521209347,"C07503","2M+H"
245.188973087963,5.72383760152935,"C19974","M+Na"
79.0641484786662,5.85254394473975,"C21642","M+2H"
226.116366572109,6.12599284634755,"C02828","M+2H"
367.096036387828,5.24397527482254,"C06922","M+Na"
1111.62999534692,6.22975665319842,"C19917","2M+H"
203.599307189611,5.3093153743911,"C08166","M+2H"
1109.44286249493,5.1094920409734,"C17686","2M+H"
575.119031971769,6.51817817454784,"C03506","2M+H"
149.131761121368,5.82648762708572,"C16993","M+H"
348.194771133855,5.60997903697754,"C19691","M+Na"
232.107893713793,6.05343269730813,"C19542","M+H"
633.487227617111,5.97201263816274,"C05479","2M+H"
1747.30714742402,6.46029061254903,"C06322","2M+H"
434.024812926738,5.70876704894973,"C11094","M+Na"
261.087796385962,5.56269390106485,"C10313","M+2H"
99.5544774226975,6.09666395237625,"C19253","M+2H"
472.21086784626,5.98133332447428,"C17485","M+Na"
335.23019318132,7.82836490480057,"C17975","M+H"
165.561904642072,6.73707294411923,"C17771","M+2H"
182.043469827724,6.67241310937721,"C06050","M+H"
1078.34200140116,5.252104427551,"C03595","M+Na"
1719.1427620051,4.26184956899736,"C17432","2M+H"
226.587034522707,4.98584723053306,"C14524","M+2H"
103.101646672591,5.32654649898991,"C20179","M+2H"
495.219071276122,6.08062215100406,"C07007","M+H"
447.069417675556,6.70480813908942,"C00570","M+H"
1060.66249876302,3.57811332753495,"C20627","M+Na"
205.012089707809,6.63954228487498,"C12325","M+Na"
132.04206810128,5.72922973693042,"C02720","M+Na"
255.096686885521,5.91536200597027,"C16582","M+H"
246.068948669178,6.8942204759284,"C05560","M+2H"
721.319747472254,5.3420421893899,"C09452","2M+H"
164.580579492443,5.71031626438804,"C05179","M+2H"
247.589401338381,6.11854091824933,"C13269","M+2H"
2400.87964375635,6.12265066559873,"C17343","2M+H"
427.194543341908,5.92769879090964,"C14922","M+Na"
307.155184321967,5.80151292403313,"C09299","M+H"
163.501413434879,5.48297132965963,"C10975","M+2H"
666.303498249143,5.94073424408184,"C11304","M+Na"
789.287165844352,5.79455990938823,"C07593","2M+H"
853.485975613592,4.89183619145184,"C19913","2M+H"
303.207781723454,6.31894330827212,"C03711","2M+H"
553.060080777481,6.75317071987893,"C04234","2M+H"
885.513157128746,5.24594819188591,"C09233","M+Na"
297.701167342393,5.24568491567837,"C16746","M+2H"
359.196404492719,6.45784020313743,"C09642","2M+H"
76.0413231840824,5.56177870279516,"C20697","M+2H"
419.350237540586,5.51831947205815,"C05458","M+H"
48.0081674831385,6.63105138576697,"C00088","M+H"
466.01552429651,6.29912844348352,"C20176","M+Na"
66.5546474418068,6.62535603934842,"C00123","M+2H"
161.069663822478,6.03762548050716,"C06979","M+2H"
203.043100294764,6.32728642629941,"C16623","M+Na"
303.133917774054,6.6557199073153,"C17755","2M+H"
286.230119412616,4.71320289094036,"C20332","M+2H"
281.042776662207,6.29489311903539,"C16838","M+Na"
869.651797746571,3.88878360812432,"C17556","M+Na"
857.030881569201,6.8028321532944,"C00104","2M+H"
937.730307424481,5.37111023482378,"C16950","2M+H"
184.091953149458,6.62032170063985,"C17790","M+2H"
407.096273732633,6.27666786217582,"C10075","M+H"
294.109234906123,6.3729863848435,"C06346","M+Na"
311.062698662833,5.99205402823649,"C17135","M+H"
301.215431735735,5.36028118413986,"C08606","M+2H"
189.121560152219,6.85937437597868,"C02727","M+H"
150.086571631812,5.42440729666532,"C10259","M+2H"
304.15732927854,5.48763683359869,"C01851","M+H"
177.090331555435,5.81176212948873,"C14111","M+H"
210.083957488948,6.31567819108998,"C20234","M+Na"
205.969123817618,6.6724098863801,"C05698","M+Na"
125.06003072389,6.12721911700039,"C20426","M+2H"
192.978069698418,6.65568322378601,"C02914","M+Na"
348.087965682237,5.99458362026759,"C12222","M+H"
152.100463821664,5.81918443792405,"C05290","M+2H"
725.449136089641,5.3396889464855,"C11256","2M+H"
497.21677335356,6.01436937440315,"C20426","2M+H"
91.0396785072664,7.04286380673928,"C01906","M+2H"
287.105380750417,6.32686002123878,"C14852","M+H"
306.160595904345,5.57153113656806,"C10912","M+H"
777.383509019346,5.37027597551752,"C10888","2M+H"
869.470424593095,7.77830514884528,"C05730","2M+H"
799.347589872617,5.77015263472712,"C07592","2M+H"
304.101170464306,6.06084922268037,"C05031","M+Na"
179.124921815385,6.8859811189113,"C06383","2M+H"
276.107078445347,6.45652354855721,"C08328","M+H"
723.251918502376,5.57361650550234,"C09935","M+Na"
125.059709005949,5.86785255188438,"C12456","M+2H"
131.04443275068,6.8332591883928,"C20254","M+H"
132.101232888588,6.94821203700301,"C06418","M+H"
153.055079650361,6.00456642748155,"C13635","M+H"
581.446887899891,6.12486559804346,NA,NA
581.451079102348,6.70006957523261,NA,NA
581.453443526647,7.75099815957363,NA,NA
581.466339434346,5.435062259871,NA,NA
581.45686106136,6.52907124669539,NA,NA
581.460968707824,5.68250121362702,NA,NA
581.44993237555,5.89674556092436,NA,NA
581.461544296387,5.63468038052362,NA,NA
581.46548495561,5.93917999425469,NA,NA
581.467450261326,6.14151172475329,NA,NA
986.240070184845,8.00214982571066,NA,NA
986.254135318209,6.35228944195209,NA,NA
986.259197002206,6.26232742714706,NA,NA
986.281549470517,6.73508202410714,NA,NA
986.272543115898,7.01634423884364,NA,NA
986.276643512994,7.5880539051337,NA,NA
986.272396383863,8.17808171881648,NA,NA
986.230234016585,6.87726699536288,NA,NA
986.254929171582,7.26138550556913,NA,NA
986.239657619324,7.11070377788363,NA,NA
238.140825933177,6.80861818568798,NA,NA
238.140650781154,4.79644879509035,NA,NA
238.13514007881,6.35482767183222,NA,NA
238.137624250492,5.34467725403924,NA,NA
238.14894796339,4.97241689505977,NA,NA
238.141224882898,4.88879926599667,NA,NA
238.140500191392,5.96542578467591,NA,NA
238.145889421418,6.05472711675928,NA,NA
238.143461350899,6.41151467238952,NA,NA
238.139951347851,6.15557697890399,NA,NA
481.16325018503,5.98121247290056,NA,NA
481.187532912409,5.11455012486021,NA,NA
481.178075761296,5.77530353996745,NA,NA
481.174815939066,5.07909396052989,NA,NA
481.165058869161,6.42546473178456,NA,NA
481.18419651239,5.50268576302005,NA,NA
481.164672061255,6.41031699638739,NA,NA
481.160958214922,5.4815543704094,NA,NA
481.180667438531,5.4914190414044,NA,NA
481.177793725622,5.5200781812948,NA,NA
325.103301467034,5.18760989923604,NA,NA
325.109557750028,5.29680509659456,NA,NA
325.105703584185,5.36241465522266,NA,NA
325.10633673423,6.19518966780573,NA,NA
325.10274569519,5.67329348362795,NA,NA
325.106864295759,4.78454156294399,NA,NA
325.114850165678,5.66859180596659,NA,NA
325.106117084574,5.37784845792905,NA,NA
325.111777094507,5.84837616296725,NA,NA
325.102414479937,6.10010523706094,NA,NA
1101.31266288832,6.52531904802711,NA,NA
1101.34742266972,7.07212067628965,NA,NA
1101.28870014037,8.6763404278933,NA,NA
1101.32123507733,6.52824771429335,NA,NA
1101.31076809048,7.18640003708143,NA,NA
1101.26006997996,7.87808722733215,NA,NA
1101.29713330682,6.14892830363558,NA,NA
1101.28326669593,6.75378467409395,NA,NA
1101.30132910373,6.89398367979492,NA,NA
1101.30305805513,6.43297088373818,NA,NA
62.0442214004915,6.94191557292638,NA,NA
62.0437282821941,5.63917704404779,NA,NA
62.0439958251052,5.58157361974915,NA,NA
62.0433817184735,5.92428601821104,NA,NA
62.0439597738824,5.67276711387303,NA,NA
62.0434786844165,5.56380626507764,NA,NA
62.0447054966593,5.99763192476245,NA,NA
62.0449491797555,5.91776412948081,NA,NA
62.0433774334729,5.34659710139505,NA,NA
62.0466155680161,6.54371842525353,NA,NA
171.140901268892,5.24542645900337,NA,NA
171.140455673555,5.4246183954428,NA,NA
171.140104958954,6.14031908967404,NA,NA
171.140011964967,6.35439885575317,NA,NA
171.140038016405,4.61529529649524,NA,NA
171.134624747493,6.22512506274121,NA,NA
171.142778655186,7.00679607302161,NA,NA
171.142148700955,5.29542089468224,NA,NA
171.135457414709,5.80965997459188,NA,NA
171.140262956508,6.73975831864014,NA,NA
161.085960693348,5.39105928588745,NA,NA
161.085230312002,4.57905968350259,NA,NA
161.082394941968,5.5871029756009,NA,NA
161.085377271004,6.66399709541079,NA,NA
161.083422250586,5.6683739512076,NA,NA
161.083823175469,6.00531864954803,NA,NA
161.086297227502,6.0943340754507,NA,NA
161.083461545549,6.16001654856948,NA,NA
161.082711113769,4.44281108098099,NA,NA
161.080827406113,6.1451967623053,NA,NA
751.272909033873,5.42723634377475,NA,NA
751.265929277528,5.05826123351369,NA,NA
751.280523902132,5.60183674281481,NA,NA
751.302513504436,6.00102685497344,NA,NA
751.26492756925,6.11986773707445,NA,NA
751.263853421944,5.25245131463364,NA,NA
751.272942268124,5.0905925867543,NA,NA
751.261945155576,6.2365733055872,NA,NA
751.264576407547,6.71498128313828,NA,NA
751.276393117734,5.52279818620413,NA,NA
245.181451044832,5.98756607320614,NA,NA
245.1869270974,6.74466291684282,NA,NA
245.182930652094,4.53843836137541,NA,NA
245.185963897534,5.71470492539335,NA,NA
245.193202070105,6.46610345592046,NA,NA
245.18929731962,5.04849949339899,NA,NA
245.193474371633,5.99440123830516,NA,NA
245.18357120369,4.68589555948458,NA,NA
245.188204573477,5.26251235693524,NA,NA
245.190745353203,5.911901140739,NA,NA
79.0650213015091,7.37231543118293,NA,NA
79.0655805302097,6.13140972761403,NA,NA
79.0667036493123,6.59823035097936,NA,NA
79.0630984653232,5.80228280557055,NA,NA
79.0643852101831,6.17451445230893,NA,NA
79.0647092998301,5.60007564557996,NA,NA
79.0650785603192,6.06593136537027,NA,NA
79.0619361500424,6.20200535653586,NA,NA
79.0630721870418,6.11544323369306,NA,NA
79.064330823949,4.99943470394312,NA,NA
226.116887848673,6.37473383031418,NA,NA
226.120009065433,6.35946814173256,NA,NA
226.118955240187,6.38303724856207,NA,NA
226.114873011123,6.65362587083479,NA,NA
226.113153897102,7.05564596487664,NA,NA
226.110675864226,5.96776667151063,NA,NA
226.110086226231,5.32111855026218,NA,NA
226.119263437035,6.72003223105819,NA,NA
226.118174535767,6.32152739190231,NA,NA
226.117537598874,6.0161096788258,NA,NA
367.098830524512,5.64222774495499,NA,NA
367.09445274883,5.51441659415316,NA,NA
367.094637709586,5.17592224875445,NA,NA
367.093966485983,6.26562623495051,NA,NA
367.101767548923,4.83265488676317,NA,NA
367.094483796474,6.24229702573244,NA,NA
367.093774463573,5.01132841697137,NA,NA
367.089868302786,5.28976217958373,NA,NA
367.105105493381,4.7655512179954,NA,NA
367.0935249962,4.25395989423785,NA,NA
1111.62602153169,4.95670469230456,NA,NA
1111.63803412937,6.7727510398599,NA,NA
1111.61978834171,6.44650371935182,NA,NA
1111.63393034326,7.15379872774377,NA,NA
1111.63550635638,5.76799295615824,NA,NA
1111.6308806156,6.02507108673751,NA,NA
1111.63732347019,5.9999611919139,NA,NA
1111.65791773537,6.5049397575521,NA,NA
1111.60604852693,5.42413545035065,NA,NA
1111.63568694514,5.67392437616603,NA,NA
203.595832483253,5.78428373128799,NA,NA
203.598402868351,5.57480487045387,NA,NA
203.606392225099,4.36100407046723,NA,NA
203.600084874653,4.96261598629175,NA,NA
203.596973590327,5.39366501173568,NA,NA
203.602625650159,4.89062198403297,NA,NA
203.604358461781,4.65499354609825,NA,NA
203.592203052405,4.70384736117521,NA,NA
203.598430373264,4.44741706749841,NA,NA
203.601783759509,5.68799005178631,NA,NA
1109.40338958955,5.08070921810028,NA,NA
1109.40367261029,5.05087253745559,NA,NA
1109.40595129718,5.07662414575673,NA,NA
1109.42470337271,4.31804687647951,NA,NA
1109.43228992219,4.40298822537325,NA,NA
1109.43063634378,5.2505888994118,NA,NA
1109.44847211529,4.67835624403375,NA,NA
1109.44226358903,6.22248061116838,NA,NA
1109.44861712035,6.62999780473883,NA,NA
1109.43305529758,5.93919589248941,NA,NA
575.103788733231,7.22433235241115,NA,NA
575.117438942022,6.27036098509135,NA,NA
575.111225359581,7.78665314548622,NA,NA
575.122707667417,5.4381897047628,NA,NA
575.119079344242,6.0010306737962,NA,NA
575.101418734792,7.67063364237623,NA,NA
575.133120712701,6.89915953750039,NA,NA
575.126046008702,6.70816656193147,NA,NA
575.114074548788,6.402181257306,NA,NA
575.127716207092,6.45328209033119,NA,NA
149.135864377601,4.93901508013191,NA,NA
149.134569454364,5.36060921691108,NA,NA
149.13041137902,5.51256177221684,NA,NA
149.132947105246,4.66197428972087,NA,NA
149.133529227186,4.12961922892741,NA,NA
149.132806998373,6.06238928873354,NA,NA
149.133719450114,6.53258597068687,NA,NA
149.13016922946,5.45775539361647,NA,NA
149.13205125396,5.17751925527304,NA,NA
149.132428008044,5.64738666988303,NA,NA
348.192226223528,5.96879870462409,NA,NA
348.200296446651,5.33950995486304,NA,NA
348.18655231786,6.57383042178029,NA,NA
348.192613392544,6.17260218207631,NA,NA
348.185142509198,5.63311315065232,NA,NA
348.196405762031,6.22322862528709,NA,NA
348.197456910779,5.03899399390983,NA,NA
348.201820410626,5.02849680146514,NA,NA
348.193514807568,5.7042714410243,NA,NA
348.202118504872,5.43208142624403,NA,NA
232.10713299412,6.97589096800026,NA,NA
232.103630443074,6.19185164822729,NA,NA
232.111445895986,5.29051863594926,NA,NA
232.105032882805,6.20544922723124,NA,NA
232.102910604202,5.54635341788334,NA,NA
232.103420906446,5.63166119328821,NA,NA
232.112330727885,6.402305570974,NA,NA
232.106216316649,6.0501660154787,NA,NA
232.107641580496,5.87029962144125,NA,NA
232.111318705128,6.17024365464175,NA,NA
633.475968394001,5.38349290322581,NA,NA
633.491084861789,4.51464765658619,NA,NA
633.4860213749,6.08279657038651,NA,NA
633.488804652339,6.91356750921071,NA,NA
633.479072755309,4.886585371029,NA,NA
633.465160902376,5.7482686702397,NA,NA
633.492610269776,5.72754022497095,NA,NA
633.490232651861,4.90902924679066,NA,NA
633.484120380958,6.89224909920363,NA,NA
633.491705180556,3.98724746020937,NA,NA
1747.29487066542,5.36053528028851,NA,NA
1747.34965282561,7.62217071984519,NA,NA
1747.30824996333,7.22833979462085,NA,NA
1747.32335471701,6.45444796835551,NA,NA
1747.28197560207,5.8978445537907,NA,NA
1747.31824812777,6.39472277386336,NA,NA
1747.29342238218,7.54857355100369,NA,NA
1747.30757640424,5.61666450994229,NA,NA
1747.31218273439,6.10422449119779,NA,NA
1747.2985563467,7.02479089397832,NA,NA
434.032799071076,6.04259831697838,NA,NA
434.017112847684,5.64782607307971,NA,NA
434.029767312606,4.55708087105093,NA,NA
434.030076808554,4.80654026141913,NA,NA
434.01902296148,4.91931611621001,NA,NA
434.03221998828,5.84781849632739,NA,NA
434.022295878905,5.31665844410236,NA,NA
434.031133330373,5.27595199520906,NA,NA
434.021190479154,5.7970535787013,NA,NA
434.027250203721,5.38936778959956,NA,NA
261.089984877724,5.7963926172338,NA,NA
261.082135280596,5.54940526252665,NA,NA
261.087478886835,6.40650764615596,NA,NA
261.090846126526,6.39887298691156,NA,NA
261.082010782778,5.56903012757365,NA,NA
261.089192632491,5.69730318485575,NA,NA
261.08276724698,5.46459841729907,NA,NA
261.084237714697,5.31901132520458,NA,NA
261.087407625253,5.20548822472012,NA,NA
261.084031758612,5.77776102519492,NA,NA
99.5528277066455,6.07829002388169,NA,NA
99.5565804913433,6.22340077776005,NA,NA
99.5556921602077,6.04005170955011,NA,NA
99.5514973551387,5.76664278921867,NA,NA
99.5559094852533,6.08048748993564,NA,NA
99.5531392039127,6.40362087741671,NA,NA
99.5516200983737,5.58209081818383,NA,NA
99.5539114491529,5.59985024309411,NA,NA
99.5585963261861,5.63715875634594,NA,NA
99.5549136836134,6.60911088694821,NA,NA
472.195868713411,5.59975246675126,NA,NA
472.198171747533,6.62432043079701,NA,NA
472.208698914334,6.43167778285394,NA,NA
472.217176110855,6.24202241126966,NA,NA
472.210668848683,5.68354543263298,NA,NA
472.190812362469,5.96605691171601,NA,NA
472.214013531296,5.69841856124516,NA,NA
472.197234521654,5.10874616910646,NA,NA
472.190436965172,6.6444051439824,NA,NA
472.196546257308,5.95443029419225,NA,NA
335.229269489651,7.91778395525945,NA,NA
335.229330500439,8.10305867266,NA,NA
335.224772989315,7.75435768208259,NA,NA
335.228029912771,8.08525392048566,NA,NA
335.228297423208,7.34665082306575,NA,NA
335.232298601077,8.00897917970415,NA,NA
335.230028293333,7.11892083937912,NA,NA
335.231122364726,7.41849837138998,NA,NA
335.221580074225,7.23367126253859,NA,NA
335.234133786749,7.71016283159367,NA,NA
165.561297647055,5.7410356104178,NA,NA
165.566202949529,6.88432735105656,NA,NA
165.5649693036,5.65727369169828,NA,NA
165.562684769394,5.72817431699104,NA,NA
165.566817058298,6.74715564220243,NA,NA
165.562370487526,6.09491777237026,NA,NA
165.568611497787,6.35097614720421,NA,NA
165.559941212229,7.28603719524582,NA,NA
165.556764133204,6.6777400250281,NA,NA
165.562898123752,5.6320666122117,NA,NA
182.043526875225,6.34079217074337,NA,NA
182.047927108467,5.46697050560883,NA,NA
182.040655572841,5.40557013772981,NA,NA
182.038831341073,5.09457144376419,NA,NA
182.04739942425,6.14550784438896,NA,NA
182.045485927637,7.63420156249815,NA,NA
182.042730540829,6.32362519905945,NA,NA
182.043603924535,5.9623940006503,NA,NA
182.039768917769,6.28146993946652,NA,NA
182.04958932209,7.03359959117447,NA,NA
1078.35207908967,6.42264053215474,NA,NA
1078.33254466677,5.92456397902054,NA,NA
1078.36110389818,5.13276979105129,NA,NA
1078.3673919928,4.7925238351774,NA,NA
1078.35464634155,6.15528441015806,NA,NA
1078.29736228469,5.63690617823687,NA,NA
1078.34227201051,5.97630609682705,NA,NA
1078.38022249239,4.95343418938977,NA,NA
1078.37661749853,5.85623618906341,NA,NA
1078.34973297157,5.12921784328766,NA,NA
1719.14056201971,4.4428888103754,NA,NA
1719.14130635708,3.97000545252844,NA,NA
1719.14377346498,2.92339755345529,NA,NA
1719.11473347737,3.5493388108934,NA,NA
1719.18505960374,4.47426823313697,NA,NA
1719.21313917582,5.44180938405489,NA,NA
1719.1813494865,4.3095737914059,NA,NA
1719.11743953325,3.81204783247428,NA,NA
1719.16642300585,4.2116794901527,NA,NA
1719.12923488586,4.43645148872606,NA,NA
226.588027656417,5.73879259868748,NA,NA
226.585977639372,4.65344506848327,NA,NA
226.591167884787,4.73941532198337,NA,NA
226.589422201501,5.02708686934307,NA,NA
226.584929474829,5.62966579712827,NA,NA
226.592826742733,4.86442340887898,NA,NA
226.585822056963,5.43332955227936,NA,NA
226.585915997422,4.45245722379158,NA,NA
226.583457940058,5.02809831904367,NA,NA
226.58856452386,4.19686151431392,NA,NA
103.101833147951,5.4908524362886,NA,NA
103.103201549218,3.52847413515613,NA,NA
103.10352737788,6.09950550563053,NA,NA
103.099738400835,4.7215084620413,NA,NA
103.100867798692,4.86827246606692,NA,NA
103.100790781159,5.87297010124491,NA,NA
103.102565353728,6.21951101388447,NA,NA
103.100930355962,5.3574103326752,NA,NA
103.102235060442,4.86863957361456,NA,NA
103.102482494774,6.57346891234791,NA,NA
495.214074891574,5.95159260338211,NA,NA
495.210428068194,5.74563623746411,NA,NA
495.236304822627,5.8354818036133,NA,NA
495.213672264724,5.75043088501802,NA,NA
495.220178865327,6.24790915604982,NA,NA
495.221110047554,6.04965013423977,NA,NA
495.222668603932,5.34677332854427,NA,NA
495.222065064964,5.50278726401269,NA,NA
495.224926126459,6.05997474746104,NA,NA
495.214039724276,6.22296156557104,NA,NA
447.067807228985,6.8913599649462,NA,NA
447.05886980654,6.09888673638465,NA,NA
447.062872375869,7.28523659666699,NA,NA
447.065778858063,5.70901674167265,NA,NA
447.076334138892,7.07100550425713,NA,NA
447.068431892125,7.36582936025251,NA,NA
447.059232903516,7.37951896951158,NA,NA
447.067191279308,6.59433640792796,NA,NA
447.072359703515,7.70342489176646,NA,NA
447.071856612113,6.22161858819927,NA,NA
1060.69241187066,3.26639433137663,NA,NA
1060.70635032423,2.44452226682567,NA,NA
1060.66331066362,3.82467100946016,NA,NA
1060.6893192626,3.93590963032353,NA,NA
1060.64661455726,2.44854357666668,NA,NA
1060.67630669706,2.67906772358091,NA,NA
1060.67713671744,3.05694844907456,NA,NA
1060.69094430894,3.50891000718077,NA,NA
1060.65895267324,3.46097376659002,NA,NA
1060.67833578098,3.63728197794415,NA,NA
205.007244380981,6.27116265037486,NA,NA
205.009991313599,6.51944969104311,NA,NA
205.011563178769,6.34931737744721,NA,NA
205.009266363363,6.73682462521703,NA,NA
205.01446817378,6.86412552570361,NA,NA
205.013785005617,5.97653642271235,NA,NA
205.007975629354,6.34037380232966,NA,NA
205.014916362998,6.69260964697739,NA,NA
205.01413636584,6.09296876096707,NA,NA
205.00661382017,5.40224470540454,NA,NA
132.03985835058,5.90815687277256,NA,NA
132.043439932583,5.92412879018043,NA,NA
132.038136897149,6.15330217559338,NA,NA
132.039513841278,6.22493221396655,NA,NA
132.042057017074,7.78071129836954,NA,NA
132.042775284388,5.43310164084463,NA,NA
132.041491112928,6.28006173655636,NA,NA
132.040275281412,6.51308715599295,NA,NA
132.044899224934,6.57591442877297,NA,NA
132.042953225117,6.55360953055245,NA,NA
255.104687514273,6.04457513212138,NA,NA
255.096468773795,6.03799452381578,NA,NA
255.099363242677,3.78228711527696,NA,NA
255.089167045537,6.06786929476888,NA,NA
255.099173312278,5.61967353534019,NA,NA
255.096706097736,5.37237509296896,NA,NA
255.097065327753,5.78454790716005,NA,NA
255.096656475404,6.40294379457961,NA,NA
255.096554861266,5.39185004245406,NA,NA
255.093129088302,6.19394435308566,NA,NA
246.073591756381,5.8739907185638,NA,NA
246.075013417807,6.82791195744738,NA,NA
246.062425397265,7.27228259736419,NA,NA
246.064402703102,7.49599252017095,NA,NA
246.066848136373,7.42267040314109,NA,NA
246.074609617364,6.81725095915689,NA,NA
246.069192906363,8.35958074005337,NA,NA
246.068106543461,6.55651940729432,NA,NA
246.065141214292,5.64296508253938,NA,NA
246.066545663005,5.79962057260314,NA,NA
721.331652171075,4.72094259887314,NA,NA
721.33872223109,6.02103194955825,NA,NA
721.324816571288,5.53447467124559,NA,NA
721.314529050687,5.25634479127506,NA,NA
721.317595486485,6.55640944465742,NA,NA
721.323530720533,6.74782105646556,NA,NA
721.333036686498,5.57975053144822,NA,NA
721.326016412307,5.59350491544165,NA,NA
721.326932667413,7.00147660912493,NA,NA
721.320894840044,6.67474425770571,NA,NA
164.580818902013,6.24659664338853,NA,NA
164.580855591447,6.71147313437033,NA,NA
164.583135676901,6.43151910339562,NA,NA
164.576361618915,6.32585855517553,NA,NA
164.581938546764,5.54263255296578,NA,NA
164.578907955201,7.25870032550779,NA,NA
164.582978164881,7.33697262326942,NA,NA
164.578944263756,4.83535362429608,NA,NA
164.580656567584,5.70727885572824,NA,NA
164.576428542191,5.51060492455553,NA,NA
247.584743813174,5.04815321442145,NA,NA
247.592382087238,6.52991663513781,NA,NA
247.594366846643,6.92637959451304,NA,NA
247.590757425503,5.80784022634831,NA,NA
247.587557480044,5.77905749493208,NA,NA
247.59223666006,6.95747262330671,NA,NA
247.584273526542,5.59880971823222,NA,NA
247.588625231899,6.21334833358783,NA,NA
247.581878838783,6.70529893202258,NA,NA
247.579242062712,7.57261042449869,NA,NA
2400.9190958781,5.83742473613829,NA,NA
2400.80529078283,5.76775355511065,NA,NA
2400.92978251254,6.13789145848881,NA,NA
2400.95682052657,6.52980815598502,NA,NA
2400.90254400252,6.6813729325374,NA,NA
2400.86769086572,6.39081176902482,NA,NA
2400.95519430468,5.51166799550557,NA,NA
2400.84364842107,5.10776115772662,NA,NA
2400.95361911182,6.60075669220694,NA,NA
2400.87270110246,6.26497607851184,NA,NA
427.187785730874,5.80880494202385,NA,NA
427.189277487736,5.74185969160899,NA,NA
427.178847993329,6.07001206801986,NA,NA
427.189657203941,7.19519924903059,NA,NA
427.194761412161,6.36135660247437,NA,NA
427.192537728197,7.21960531944692,NA,NA
427.1836959369,5.96216181997048,NA,NA
427.18311903675,5.70273329658605,NA,NA
427.188382975281,5.87012508071067,NA,NA
427.182593748216,5.51724436942935,NA,NA
307.16079210298,5.3827462022161,NA,NA
307.145266705844,5.67007129117472,NA,NA
307.155575074977,5.46349294189699,NA,NA
307.151846220075,5.07532957694081,NA,NA
307.154596804304,5.3887727868269,NA,NA
307.147200617941,5.77598465112301,NA,NA
307.156778534238,7.28183634878192,NA,NA
307.154670523313,5.76741638274494,NA,NA
307.145171038805,5.26596315425564,NA,NA
307.146859175243,6.40770267502105,NA,NA
163.49909942281,5.54021786873259,NA,NA
163.502879976649,4.9412326592163,NA,NA
163.504303273965,6.24450312961896,NA,NA
163.50431757622,5.1826286254268,NA,NA
163.501242501089,6.54047526900422,NA,NA
163.501627215763,5.06927293528094,NA,NA
163.505046142235,5.95092625266488,NA,NA
163.498028836511,5.14547394695799,NA,NA
163.497621814209,5.51607565555163,NA,NA
163.497398579674,5.51314197283426,NA,NA
666.292409428542,5.27721796895091,NA,NA
666.295332606031,5.82816739441283,NA,NA
666.317891918444,5.24271837109197,NA,NA
666.300619973615,5.58757888410833,NA,NA
666.310362760554,5.86710567724728,NA,NA
666.298962568963,5.0901291813776,NA,NA
666.318164234476,6.58812869106371,NA,NA
666.296677237813,6.07042999962297,NA,NA
666.285953884247,4.92930285108542,NA,NA
666.309860866473,5.56148923832228,NA,NA
789.300220049581,4.86204374926728,NA,NA
789.269577596744,6.09659062131883,NA,NA
789.289543017096,5.93074475248777,NA,NA
789.257548546653,6.94271375786668,NA,NA
789.298140632171,5.18539328805835,NA,NA
789.321566503743,5.52219123645281,NA,NA
789.284793513932,6.10543913883574,NA,NA
789.298434272397,5.68900524460603,NA,NA
789.295965923169,4.93946040910602,NA,NA
789.29324214522,6.5775557561066,NA,NA
853.503645788838,5.6423007596327,NA,NA
853.487568705153,6.06039011763446,NA,NA
853.498688728921,5.36453351791456,NA,NA
853.48504740429,5.13953612152339,NA,NA
853.468293118019,3.85031645454914,NA,NA
853.471285658243,4.92543221482174,NA,NA
853.505901697204,4.28533012057024,NA,NA
853.496153808879,4.74179229443375,NA,NA
853.494518788959,4.73989473109022,NA,NA
853.503994151858,6.35581224637299,NA,NA
303.205925021774,7.12581450581618,NA,NA
303.206773117686,6.09939719849709,NA,NA
303.1982581193,6.66218907546208,NA,NA
303.207794032787,7.28078282357149,NA,NA
303.20319744195,7.54222935801503,NA,NA
303.209682611649,5.7446078710949,NA,NA
303.204717111131,6.3556677333507,NA,NA
303.202433176225,6.1029715456255,NA,NA
303.206994831722,5.94989146304534,NA,NA
303.203860355403,5.70534741687433,NA,NA
553.049216431813,8.39609192621654,NA,NA
553.046956364702,6.86353148790698,NA,NA
553.05623842174,8.04289308388945,NA,NA
553.064588381858,6.94727482731848,NA,NA
553.065388906249,7.26687873146458,NA,NA
553.047259573014,7.50291129104971,NA,NA
553.065350082329,7.06829935769558,NA,NA
553.057235322839,7.61588775932295,NA,NA
553.039957399829,6.34309045711728,NA,NA
553.051778238758,7.29629413639378,NA,NA
885.508028836425,6.9065045173586,NA,NA
885.502376996293,5.91495994278849,NA,NA
885.497441255345,4.65862501948996,NA,NA
885.494966353261,4.26592538021027,NA,NA
885.496388617051,5.08647764540613,NA,NA
885.501037261012,5.78991840319987,NA,NA
885.48290129297,6.28213368064137,NA,NA
885.506107344597,6.101613274208,NA,NA
885.493590020582,5.44045949803498,NA,NA
885.513403612005,5.01730241601015,NA,NA
297.703059809567,5.21686762917296,NA,NA
297.70048960691,5.62264214310579,NA,NA
297.707902397024,4.81486897472439,NA,NA
297.699495928116,4.85899070319056,NA,NA
297.695378195814,4.88875643383762,NA,NA
297.713751217748,5.41495912429088,NA,NA
297.70697318405,4.15430226999023,NA,NA
297.709748692762,6.19107655750665,NA,NA
297.706274676285,4.57449003675185,NA,NA
297.698482664136,4.9610337463243,NA,NA
359.192294062356,6.4484403993598,NA,NA
359.18752760153,6.16505218733191,NA,NA
359.207432917334,6.20309140548808,NA,NA
359.191825088225,7.14773196923331,NA,NA
359.19499548429,6.086333206529,NA,NA
359.196363581612,6.18619793517598,NA,NA
359.196891648902,6.53210995722888,NA,NA
359.192204957692,7.02837594013989,NA,NA
359.200980188055,5.12876271528719,NA,NA
359.188712545842,7.42871991128876,NA,NA
76.0389216187072,5.8758860619746,NA,NA
76.040600048366,6.47016834500132,NA,NA
76.0405717927132,6.06756751059853,NA,NA
76.041004120287,5.69071618726828,NA,NA
76.0429063497464,6.1307634765015,NA,NA
76.0418663207439,4.68036074610515,NA,NA
76.0400417993485,5.97886366580326,NA,NA
76.0443162181483,4.93822463692365,NA,NA
76.0399298338379,4.97261662072305,NA,NA
76.0414006668516,5.27868303891455,NA,NA
419.349514575362,5.51139545747008,NA,NA
419.343953648822,5.55332071224839,NA,NA
419.358510252115,5.22160402045692,NA,NA
419.35250544039,6.10060624828674,NA,NA
419.348364284641,5.00803326484133,NA,NA
419.351025741583,4.82926415672726,NA,NA
419.352811569516,5.46674897768367,NA,NA
419.358263252231,4.68394325198659,NA,NA
419.346438463427,4.31142976629104,NA,NA
419.355105453361,5.41030822222493,NA,NA
48.0083462262646,6.41794189877292,NA,NA
48.0085340087327,7.47941136436917,NA,NA
48.0085632298314,5.3712997270623,NA,NA
48.0076039296111,6.65949893326366,NA,NA
48.0103185814781,6.73222893049392,NA,NA
48.008308815117,6.68508460619668,NA,NA
48.0082176551574,5.64014249329449,NA,NA
48.00716232107,7.74402170549616,NA,NA
48.0081139095065,7.05467273028038,NA,NA
48.0077785973072,7.41436809416163,NA,NA
466.007680935484,6.01536303076859,NA,NA
466.010071529138,6.36778982467313,NA,NA
466.002211477826,6.59420942580191,NA,NA
465.993069416305,6.54794190606243,NA,NA
466.013392253876,7.1940763042421,NA,NA
466.00816456007,7.11084606795463,NA,NA
466.024374994616,8.39240063244847,NA,NA
466.014058114108,7.74513457680016,NA,NA
466.019521239101,6.72464283596394,NA,NA
466.016263322722,7.04214952629185,NA,NA
66.5553501588669,6.33999281320623,NA,NA
66.5529919581114,6.89266238051494,NA,NA
66.5569149067078,7.08324281833117,NA,NA
66.5544552493926,7.6812747882909,NA,NA
66.5547373612823,6.58693385865281,NA,NA
66.5571332547195,5.99056009314405,NA,NA
66.5534395082571,6.47056847492629,NA,NA
66.5559362058185,6.83568264527635,NA,NA
66.5554774455292,6.86093542382185,NA,NA
66.5533067523447,6.92623625618434,NA,NA
161.068856120206,5.20075345785955,NA,NA
161.075207738308,6.34320332137069,NA,NA
161.070111068341,6.50824252470866,NA,NA
161.065615984257,6.06060120644341,NA,NA
161.072692226145,6.73195495611355,NA,NA
161.072815276714,6.12465357266077,NA,NA
161.071163322342,6.34705293533272,NA,NA
161.073553769081,5.61126137423127,NA,NA
161.071953611484,6.69999637319188,NA,NA
161.073271140183,6.32028111221633,NA,NA
203.047119555543,5.68884402228548,NA,NA
203.047727829772,5.85967992118594,NA,NA
203.039057924032,6.55774240889517,NA,NA
203.042639342577,5.9319996873391,NA,NA
203.042417433241,4.62220156946552,NA,NA
203.038348251783,5.99902862022534,NA,NA
203.047234668282,6.66702702613302,NA,NA
203.040799124528,6.51717595009169,NA,NA
203.047156351435,6.73359103167258,NA,NA
203.039411478397,6.84996540457804,NA,NA
303.136760193517,7.25623703040206,NA,NA
303.129772075033,6.33115615317501,NA,NA
303.135089885793,6.48041662508995,NA,NA
303.134600836715,6.56468264674748,NA,NA
303.135650469167,6.11393395707868,NA,NA
303.138053152664,6.42514312288737,NA,NA
303.139233106669,7.26042931317651,NA,NA
303.131610830006,6.55199392141212,NA,NA
303.144919662758,6.62548122144315,NA,NA
303.13707320338,5.781548891207,NA,NA
286.228122200422,4.56030292788555,NA,NA
286.227967691735,5.02691375350652,NA,NA
286.228135427645,3.96507086157335,NA,NA
286.232652805693,5.48665429627078,NA,NA
286.227773822168,4.47325846187195,NA,NA
286.230583677759,4.68387930704138,NA,NA
286.234493986021,5.34866601187609,NA,NA
286.229869192649,6.68637350461974,NA,NA
286.233863210581,6.45498306371611,NA,NA
286.231859370348,5.09757136957772,NA,NA
281.039043575974,6.25099298958465,NA,NA
281.047098412016,6.84370847791549,NA,NA
281.036939344283,5.85165017063623,NA,NA
281.03862936749,5.83738386543486,NA,NA
281.045404205343,5.58966732273178,NA,NA
281.040881390386,5.51407390251196,NA,NA
281.038399066595,5.00099415069304,NA,NA
281.042329179871,6.21921604338608,NA,NA
281.039654302626,4.4102692945232,NA,NA
281.037937455272,5.37402266669572,NA,NA
869.640792607537,2.39025704656286,NA,NA
869.654882804558,3.48641253865852,NA,NA
869.663345490324,2.42734173415543,NA,NA
869.655640338788,2.46533191710436,NA,NA
869.678910168827,3.91262158451512,NA,NA
869.67747981667,3.56866495244234,NA,NA
869.663680748932,4.36310520347141,NA,NA
869.658205463762,3.27018853550575,NA,NA
869.659505986039,2.87069599230043,NA,NA
869.643499215399,3.09455959872745,NA,NA
857.032699912477,8.06531931938466,NA,NA
857.040795410425,7.61932463175634,NA,NA
857.041216347482,7.28105083414987,NA,NA
857.019317168492,7.89698522011966,NA,NA
857.045931591592,8.09265349013573,NA,NA
857.043350061555,6.36820391170699,NA,NA
857.045968785331,7.16428676641999,NA,NA
857.020777002412,6.73880105075852,NA,NA
857.043007493525,7.15904804823045,NA,NA
857.025696697515,7.59285906347167,NA,NA
937.750517320296,5.55095453579415,NA,NA
937.707480388112,4.29094670706438,NA,NA
937.74846715571,6.35848112789797,NA,NA
937.741972835826,5.36719738284277,NA,NA
937.693242159737,5.29178213989387,NA,NA
937.727303232392,4.4825383294664,NA,NA
937.749487135607,4.84444804218429,NA,NA
937.718370449151,6.21994468457779,NA,NA
937.722264509657,6.66497330110789,NA,NA
937.747719608657,4.72742604717814,NA,NA
184.095343082401,6.58785688035816,NA,NA
184.093323593517,5.67535107821314,NA,NA
184.092834784943,5.90661037277647,NA,NA
184.09664467716,6.40754576395164,NA,NA
184.094863035571,6.75603680292806,NA,NA
184.091198847549,6.35931840639894,NA,NA
184.091963657283,6.10852282895192,NA,NA
184.090834893064,5.90162667718254,NA,NA
184.091988432259,6.0916854246233,NA,NA
184.096918695451,6.38696647461437,NA,NA
407.094646320246,5.92809426950653,NA,NA
407.10393076577,5.4341483344238,NA,NA
407.091699220232,6.20002396295718,NA,NA
407.097732136643,5.26818055382937,NA,NA
407.094319607406,7.06130304240513,NA,NA
407.097690513643,6.24028690394722,NA,NA
407.101126677123,6.60385984520211,NA,NA
407.096062964139,6.73475245840378,NA,NA
407.100836114054,5.98455601523005,NA,NA
407.088991618944,5.76368647204852,NA,NA
294.107469864732,6.68795122715778,NA,NA
294.10696036085,6.84005106087945,NA,NA
294.111977265051,5.08982769091471,NA,NA
294.109728175335,5.34115006030981,NA,NA
294.10914396821,6.99322744541685,NA,NA
294.110324414176,5.33871585193572,NA,NA
294.113149713104,6.85406709132743,NA,NA
294.11534122275,6.43043947427104,NA,NA
294.109997829294,6.30065664292619,NA,NA
294.109351306063,6.91145498015828,NA,NA
311.059528758076,4.9602065203161,NA,NA
311.069966662142,4.81042217495311,NA,NA
311.072704506264,6.18721138802482,NA,NA
311.07005055224,5.96662130000345,NA,NA
311.061273770074,5.17708832402922,NA,NA
311.052967489613,5.51324859671378,NA,NA
311.061752763391,5.61164996978457,NA,NA
311.070855171713,5.59459125752425,NA,NA
311.072560329415,3.43631924578339,NA,NA
311.06138248096,4.51283456380748,NA,NA
301.211635672603,6.45227212616737,NA,NA
301.219862803247,5.594747076324,NA,NA
301.213852091587,4.00435886941916,NA,NA
301.217843135887,5.8148965371896,NA,NA
301.227076540061,4.42723754095078,NA,NA
301.222097337236,5.6326256601926,NA,NA
301.217889044139,4.51526899776023,NA,NA
301.213650079819,3.54950201173471,NA,NA
301.216118852877,5.20264616520043,NA,NA
301.217066058272,5.23485657391968,NA,NA
189.11606588597,6.55208904870194,NA,NA
189.126864997009,7.50067429765535,NA,NA
189.123893648786,6.49085879205625,NA,NA
189.122224933384,8.19509188295924,NA,NA
189.125225773395,7.30241560126824,NA,NA
189.117981681532,6.57433878681264,NA,NA
189.121533827905,5.75703288443386,NA,NA
189.124115084934,5.69840701907414,NA,NA
189.124212398132,6.61690615725577,NA,NA
189.121679303672,6.75230274286153,NA,NA
150.086832499472,6.44837517010523,NA,NA
150.083707718632,7.20131654482042,NA,NA
150.080714239835,5.79611111367084,NA,NA
150.082328998511,5.34438892092454,NA,NA
150.078858851659,3.99265211037984,NA,NA
150.08914247426,6.55611727031716,NA,NA
150.085271960539,5.60644096579907,NA,NA
150.08651177582,6.34269444462208,NA,NA
150.083928126777,4.78977183095663,NA,NA
150.08490341101,5.33214950794151,NA,NA
304.156422797449,5.22629642723489,NA,NA
304.147302703464,5.64496562487501,NA,NA
304.15200866276,5.24670616629655,NA,NA
304.15198107785,5.73994744065861,NA,NA
304.157200952296,5.47727723055158,NA,NA
304.155909147952,5.26144475420033,NA,NA
304.160107765042,5.86498022597038,NA,NA
304.149477340801,6.94202094813796,NA,NA
304.156964931795,5.53109571879111,NA,NA
304.151724461605,4.40359329524782,NA,NA
177.09084021204,6.19095081261234,NA,NA
177.092478693049,6.5396318270438,NA,NA
177.088565016814,6.74235799512031,NA,NA
177.0884983754,6.34576230061246,NA,NA
177.086603070503,4.94958329301784,NA,NA
177.092923579853,5.35133811165228,NA,NA
177.093570068355,5.74852270073263,NA,NA
177.092481767107,6.25827773811034,NA,NA
177.098209454625,6.17330972710963,NA,NA
177.092845909171,4.92318271145909,NA,NA
210.092212006762,6.35910652219536,NA,NA
210.086488681932,6.34274788645173,NA,NA
210.087029411061,6.4000687346326,NA,NA
210.090397902182,4.99072285071462,NA,NA
210.092211973815,7.35738197339816,NA,NA
210.091470064329,6.66754337168116,NA,NA
210.084593291753,6.70197585552121,NA,NA
210.084503409169,5.84361100356117,NA,NA
210.084503202686,6.8577780333251,NA,NA
210.093330710264,6.29437720709276,NA,NA
205.964331310229,5.63151682631458,NA,NA
205.970042479113,6.5992157968321,NA,NA
205.969697341324,6.79400918105267,NA,NA
205.973080924456,8.35939020377585,NA,NA
205.964079512721,5.73143218019153,NA,NA
205.967808064086,5.90168429236015,NA,NA
205.973585552735,6.2380693101704,NA,NA
205.970435617207,5.30665026660351,NA,NA
205.973814229668,6.91903157669067,NA,NA
205.969978805181,6.48813474370506,NA,NA
125.061572276598,5.82565647008893,NA,NA
125.058334626715,6.05032321078123,NA,NA
125.062946352435,7.24555347255558,NA,NA
125.059608515384,6.33589595169587,NA,NA
125.060363695045,6.00127782631935,NA,NA
125.058795600422,6.29090366318559,NA,NA
125.059588026573,6.7451177555847,NA,NA
125.060190592216,6.16091497768647,NA,NA
125.064275055403,6.77511660150862,NA,NA
125.062356466144,6.54456175110059,NA,NA
192.973326438596,6.16676735186658,NA,NA
192.979037783881,6.67819590722166,NA,NA
192.977306559321,6.69832779763907,NA,NA
192.975146097399,6.04478344820558,NA,NA
192.975051566426,7.13764613971007,NA,NA
192.976212715328,6.46885255936837,NA,NA
192.976804481493,6.03947206534701,NA,NA
192.979380549517,4.83048165570331,NA,NA
192.976852217527,6.89865224160651,NA,NA
192.976232124674,6.32988492715824,NA,NA
348.086847151863,4.94834013544646,NA,NA
348.086964164783,5.20504032875784,NA,NA
348.089163098151,5.27040677383076,NA,NA
348.074470226756,5.64105438674832,NA,NA
348.086652623123,5.97664352822499,NA,NA
348.084720945778,5.05267385989057,NA,NA
348.086582483269,5.96814883139053,NA,NA
348.083629815987,5.47457561034681,NA,NA
348.088396315216,5.98469114122007,NA,NA
348.083203598556,5.09917333016765,NA,NA
152.097700385372,5.19445423518409,NA,NA
152.100213137514,4.88792347461667,NA,NA
152.1042276107,5.55573996836696,NA,NA
152.100942454591,5.9496362054207,NA,NA
152.097572395623,5.31480172485364,NA,NA
152.100528955725,5.23628629153679,NA,NA
152.099715472153,6.3193811607175,NA,NA
152.105214052235,6.36491865315105,NA,NA
152.097977853768,5.48059643733753,NA,NA
152.101921059935,5.37113854994101,NA,NA
725.471014900012,4.20960738522117,NA,NA
725.442729531785,5.08171313858073,NA,NA
725.462961093555,4.32895337711029,NA,NA
725.441095034879,6.30271823842435,NA,NA
725.466386140312,4.10453341778598,NA,NA
725.46117053924,5.39897018591306,NA,NA
725.455858964371,5.99936392749046,NA,NA
725.446281609418,6.43512935989856,NA,NA
725.44254244205,3.55002142956609,NA,NA
725.452835575587,4.7064337897952,NA,NA
497.214542583342,5.80638600295744,NA,NA
497.216446441003,6.60961922798492,NA,NA
497.216186364541,4.73831813275731,NA,NA
497.222267628401,6.44586790189618,NA,NA
497.228665556136,5.71137769694991,NA,NA
497.226932113268,6.16241635123536,NA,NA
497.237988393374,6.592334459113,NA,NA
497.217510505956,5.7848053640136,NA,NA
497.215080838829,5.92079391566796,NA,NA
497.231997488394,6.05734233144488,NA,NA
91.0365399087561,6.35054898722194,NA,NA
91.0394909659408,6.85419137731761,NA,NA
91.0375651199893,6.98631529583501,NA,NA
91.0390863173353,6.99779904904622,NA,NA
91.0419929831892,6.46153283744429,NA,NA
91.0377102693031,6.41327523086597,NA,NA
91.0403245433547,5.77188115151599,NA,NA
91.0396089261543,6.73138090008687,NA,NA
91.0376829909382,6.81128751499193,NA,NA
91.0410432189032,6.60480681167228,NA,NA
287.106863229015,4.96728036050423,NA,NA
287.106485056134,4.94152737014894,NA,NA
287.103737308769,6.72660028330802,NA,NA
287.107502639011,6.41115427151728,NA,NA
287.112177719597,6.12925776766412,NA,NA
287.096320367439,6.65075330528463,NA,NA
287.107763380152,5.56566358039955,NA,NA
287.100105557598,6.50730511202015,NA,NA
287.109285921855,4.48195255733325,NA,NA
287.101362325076,5.5058137033901,NA,NA
306.159157400136,4.76939704688689,NA,NA
306.16209828998,5.21908286984108,NA,NA
306.169581493419,6.03191761412572,NA,NA
306.163142958808,6.33565866003567,NA,NA
306.161534759041,5.3800399450754,NA,NA
306.158440421098,5.74818139253481,NA,NA
306.163996727914,4.31139396763844,NA,NA
306.158938064174,6.13629791875921,NA,NA
306.164098593762,5.78129476554976,NA,NA
306.168712475096,6.17502987636438,NA,NA
777.407169929787,5.24734408894038,NA,NA
777.360636562261,6.21361093471105,NA,NA
777.398328420756,4.39997714273662,NA,NA
777.411288780285,5.22803265984284,NA,NA
777.394960502156,5.36697218439003,NA,NA
777.379449871556,4.5985962710797,NA,NA
777.379028988988,5.06172896174118,NA,NA
777.394067470341,5.66779910128207,NA,NA
777.410454925059,4.23984825750507,NA,NA
777.396399367068,5.39745422943048,NA,NA
869.471134297042,7.57766711836761,NA,NA
869.453619880004,6.89779654336824,NA,NA
869.475884542422,8.18174931788956,NA,NA
869.470189286586,7.00297295716246,NA,NA
869.452417150111,7.14234266281426,NA,NA
869.47249609574,7.95126163581227,NA,NA
869.474372369394,8.0529055249223,NA,NA
869.49207517251,6.8069766854054,NA,NA
869.473596998444,7.68611210028222,NA,NA
869.451772366981,7.18181808525139,NA,NA
799.325471695478,6.63018533669227,NA,NA
799.354080019171,4.63899368470327,NA,NA
799.356183697545,6.42062743866221,NA,NA
799.330727076283,7.01131274768626,NA,NA
799.359851503194,5.65020261058936,NA,NA
799.333906549597,5.69446537485524,NA,NA
799.346473065446,7.01973874814222,NA,NA
799.363123234388,5.60434238572225,NA,NA
799.339979825009,5.91968724907629,NA,NA
799.336194180396,5.5501364848284,NA,NA
304.100993109218,6.2366768976672,NA,NA
304.105148703009,6.1296958110821,NA,NA
304.102111906348,6.32397305894394,NA,NA
304.100416772199,5.54265826031238,NA,NA
304.103989603165,4.43816632783225,NA,NA
304.100036502406,5.56731716373835,NA,NA
304.099527604386,5.19175566036285,NA,NA
304.105317115205,5.28281899228054,NA,NA
304.114618280889,6.15516168461904,NA,NA
304.104467148595,6.15797684983025,NA,NA
179.124942963312,5.838810017067,NA,NA
179.125934753802,6.4212572635011,NA,NA
179.125794580593,7.76752714098437,NA,NA
179.131432933284,6.9724682482779,NA,NA
179.129464061069,5.34716452942721,NA,NA
179.12638168918,6.9630373144615,NA,NA
179.127755386842,6.84874997494922,NA,NA
179.129075666235,6.82895295673335,NA,NA
179.132114265195,6.65973473031838,NA,NA
179.122222236191,5.88896450084237,NA,NA
276.105163533594,6.68072115550456,NA,NA
276.094936575488,6.9269273474136,NA,NA
276.10171890782,5.51557074125483,NA,NA
276.114020204984,6.07580875790489,NA,NA
276.1145274078,6.8510298662641,NA,NA
276.103513677432,6.81426136784295,NA,NA
276.109851332808,5.67016540348175,NA,NA
276.11339712722,6.58920414320019,NA,NA
276.108771264608,5.1740733701685,NA,NA
276.108788816614,6.13179615246868,NA,NA
723.230429381946,6.482658169327,NA,NA
723.239586664843,5.03921307168416,NA,NA
723.228579207917,4.91825665060652,NA,NA
723.247133783167,4.7580427831505,NA,NA
723.255687089289,4.57948764668019,NA,NA
723.237275553336,5.02932494528761,NA,NA
723.257427444286,6.58221541847948,NA,NA
723.250392763107,5.15334893704513,NA,NA
723.249102627524,4.66672858708269,NA,NA
723.261396393802,5.61412993360086,NA,NA
125.062145351337,6.40083917370978,NA,NA
125.058939595521,5.9194698034613,NA,NA
125.059252662001,5.73205774297246,NA,NA
125.061435791198,6.99174277939405,NA,NA
125.060157111842,6.00311875218809,NA,NA
125.06043797437,5.28546709349632,NA,NA
125.058585596327,6.64578134637586,NA,NA
125.060734026284,5.8798247020133,NA,NA
125.061905703612,6.72431338482977,NA,NA
125.061747141329,6.24088412766611,NA,NA
131.044426755459,6.36079542079188,NA,NA
131.044210605553,7.34089989223118,NA,NA
131.043867996148,7.17549209148494,NA,NA
131.042104805114,5.96057280800874,NA,NA
131.045832493347,6.384706068716,NA,NA
131.042106839454,6.40563196336373,NA,NA
131.042641501949,6.4941813582653,NA,NA
131.043882247345,6.09083684211831,NA,NA
131.043390285505,7.12129532298518,NA,NA
131.046783722618,6.31309502515874,NA,NA
132.101767981944,7.57823410215748,NA,NA
132.100827281991,7.16772113588094,NA,NA
132.101743745206,6.74009680996113,NA,NA
132.103417911671,6.33066188573257,NA,NA
132.102472004749,6.64713714421702,NA,NA
132.101243591835,6.61951820626917,NA,NA
132.098723617983,5.94767616865867,NA,NA
132.102932886108,6.31899512637944,NA,NA
132.102086356775,7.4319431899617,NA,NA
132.103339440953,6.92390976092294,NA,NA
153.052679967486,6.0458057141206,NA,NA
153.055410117568,6.87052952541688,NA,NA
153.054779531797,6.34235227394405,NA,NA
153.056641117524,6.3398181997083,NA,NA
153.053936308458,6.58169071539101,NA,NA
153.05417869594,4.46174394882371,NA,NA
153.052693957255,6.43239150135612,NA,NA
153.055082623666,5.58703138612407,NA,NA
153.053332914731,5.32121749218353,NA,NA
153.052484264096,5.51950284287494,NA,NA
